Sex,Count,Accuracy,Precision,Recall,F1
0,20,0.95,1.0,0.8571428571428571,0.9230769230769231
1,41,0.8536585365853658,0.8,0.9523809523809523,0.8695652173913043
